{
    "accuracy": [
        0.8677760362625122,
        0.9253429174423218,
        0.9215201139450073,
        0.9381605386734009,
        0.9392849206924438,
        0.9473802447319031,
        0.9453564286231995,
        0.9435574412345886,
        0.9442320466041565,
        0.940409243106842,
        0.9446818232536316,
        0.9471553564071655,
        0.9460310339927673,
        0.9424331188201904,
        0.9361367225646973,
        0.940409243106842,
        0.9381605386734009
    ],
    "auc": [
        0.9578917622566223,
        0.9794093370437622,
        0.9779660701751709,
        0.9821900725364685,
        0.985832154750824,
        0.9881391525268555,
        0.9895305633544922,
        0.986400306224823,
        0.9888110756874084,
        0.9883111715316772,
        0.9897724986076355,
        0.9882018566131592,
        0.9872881174087524,
        0.9870861768722534,
        0.987151563167572,
        0.9856012463569641,
        0.9848306775093079
    ],
    "loss": [
        0.3746493458747864,
        0.2763400375843048,
        0.276009202003479,
        0.2534148693084717,
        0.24150227010250092,
        0.23132672905921936,
        0.2271476835012436,
        0.23772025108337402,
        0.22999078035354614,
        0.23209939897060394,
        0.22301286458969116,
        0.22922073304653168,
        0.234708771109581,
        0.23605604469776154,
        0.23655390739440918,
        0.23995858430862427,
        0.24490231275558472
    ],
    "precision": [
        0.9728033542633057,
        0.9771704077720642,
        0.977044939994812,
        0.9821485280990601,
        0.9849551916122437,
        0.9851265549659729,
        0.9841621518135071,
        0.9844295978546143,
        0.9838300347328186,
        0.9862223863601685,
        0.9887964129447937,
        0.9851218461990356,
        0.9844838380813599,
        0.9834815859794617,
        0.9836433529853821,
        0.9843600392341614,
        0.9803112149238586
    ],
    "recall": [
        0.8454545736312866,
        0.9209091067314148,
        0.9157575964927673,
        0.9336363673210144,
        0.9324242472648621,
        0.9433333277702332,
        0.9415151476860046,
        0.9387878775596619,
        0.9403030276298523,
        0.9327272772789001,
        0.9360606074333191,
        0.9430302977561951,
        0.9421212077140808,
        0.9381818175315857,
        0.9293939471244812,
        0.9345454573631287,
        0.9354545474052429
    ],
    "val_accuracy": [
        0.9324840903282166,
        0.9108280539512634,
        0.9210191369056702,
        0.9019108414649963,
        0.9057325124740601,
        0.903184711933136,
        0.8980891704559326,
        0.8980891704559326,
        0.8955414295196533,
        0.8929936289787292,
        0.8980891704559326,
        0.8955414295196533,
        0.8917197585105896,
        0.8929936289787292,
        0.8955414295196533,
        0.8955414295196533,
        0.8942674994468689
    ],
    "val_auc": [
        0.9863500595092773,
        0.9888507127761841,
        0.989963173866272,
        0.9927992224693298,
        0.9936696887016296,
        0.9939201474189758,
        0.9925954937934875,
        0.9938351511955261,
        0.9940093159675598,
        0.994183361530304,
        0.9941025972366333,
        0.9941197633743286,
        0.9917039275169373,
        0.9924172163009644,
        0.9917123317718506,
        0.9920943975448608,
        0.9919501543045044
    ],
    "val_loss": [
        0.27268359065055847,
        0.3144058585166931,
        0.2797620892524719,
        0.3060755729675293,
        0.31947118043899536,
        0.32129088044166565,
        0.3319314420223236,
        0.3296167850494385,
        0.3326045274734497,
        0.3383755385875702,
        0.3295706808567047,
        0.33250370621681213,
        0.362882137298584,
        0.3582347631454468,
        0.3547597825527191,
        0.35098448395729065,
        0.35314810276031494
    ],
    "val_precision": [
        0.9944030046463013,
        1.0,
        0.9961904883384705,
        1.0,
        1.0,
        1.0,
        1.0,
        1.0,
        1.0,
        1.0,
        1.0,
        1.0,
        1.0,
        1.0,
        1.0,
        1.0,
        1.0
    ],
    "val_recall": [
        0.9142367243766785,
        0.8799313902854919,
        0.8970840573310852,
        0.8679245114326477,
        0.8730702996253967,
        0.8696398138999939,
        0.8627787232398987,
        0.8627787232398987,
        0.8593481779098511,
        0.8559176921844482,
        0.8627787232398987,
        0.8593481779098511,
        0.854202389717102,
        0.8559176921844482,
        0.8593481779098511,
        0.8593481779098511,
        0.8576329350471497
    ],
    "learning_rate": [
        0.0010000000474974513,
        0.0010000000474974513,
        0.0010000000474974513,
        0.0003000000142492354,
        0.0003000000142492354,
        9.000000136438757e-05,
        9.000000136438757e-05,
        2.700000004551839e-05,
        2.700000004551839e-05,
        8.099999831756577e-06,
        8.099999831756577e-06,
        2.429999995001708e-06,
        4.999999873689376e-06,
        4.999999873689376e-06,
        1.4999999393694452e-06,
        1.4999999393694452e-06,
        4.4999998749517545e-07
    ]
}