{
    "accuracy": [
        0.9194785356521606,
        0.9488113522529602,
        0.9560966491699219,
        0.9534125924110413,
        0.9547545909881592,
        0.9472776055335999,
        0.9501533508300781,
        0.9536042809486389,
        0.9467024803161621
    ],
    "auc": [
        0.9785282611846924,
        0.9892486929893494,
        0.9921647310256958,
        0.9903122186660767,
        0.9909992218017578,
        0.9865832328796387,
        0.9894705414772034,
        0.9910964369773865,
        0.9894977807998657
    ],
    "loss": [
        0.18462823331356049,
        0.12486767023801804,
        0.10454031825065613,
        0.11993420124053955,
        0.11329345405101776,
        0.14326398074626923,
        0.1248353123664856,
        0.11267272382974625,
        0.1252010613679886
    ],
    "precision": [
        0.9765517115592957,
        0.985991358757019,
        0.987433135509491,
        0.9860813617706299,
        0.9871485829353333,
        0.9817987084388733,
        0.9852349162101746,
        0.9860851168632507,
        0.9841184616088867
    ],
    "recall": [
        0.9135484099388123,
        0.944516122341156,
        0.9530322551727295,
        0.9507097005844116,
        0.9514838457107544,
        0.9465806484222412,
        0.9470967650413513,
        0.9509677290916443,
        0.9434838891029358
    ],
    "val_accuracy": [
        1.0,
        1.0,
        0.9375,
        0.9375,
        1.0,
        0.9375,
        0.9375,
        0.9375,
        0.9375
    ],
    "val_auc": [
        1.0,
        1.0,
        1.0,
        1.0,
        1.0,
        1.0,
        1.0,
        1.0,
        1.0
    ],
    "val_loss": [
        0.11861938238143921,
        0.10596758127212524,
        0.09030019491910934,
        0.09190385043621063,
        0.05158201605081558,
        0.11311924457550049,
        0.10909801721572876,
        0.10883712023496628,
        0.10750098526477814
    ],
    "val_precision": [
        1.0,
        1.0,
        1.0,
        1.0,
        1.0,
        1.0,
        1.0,
        1.0,
        1.0
    ],
    "val_recall": [
        1.0,
        1.0,
        0.875,
        0.875,
        1.0,
        0.875,
        0.875,
        0.875,
        0.875
    ],
    "learning_rate": [
        0.0010000000474974513,
        0.0010000000474974513,
        0.0010000000474974513,
        0.0010000000474974513,
        0.0010000000474974513,
        9.999999747378752e-06,
        9.999999747378752e-06,
        2.9999998787388904e-06,
        2.9999998787388904e-06
    ]
}